<application>
  <component name="FileTypeManager" version="17">
    <ignoreFiles list="*$py.class;*.hprof;*.pyc;*.pyo;*.rbc;*.yarb;*~;.DS_Store;.git;.hg;.svn;CVS;__pycache__;_svn;vssver.scc;vssver2.scc;" />
    <extensionMap>
      <mapping pattern="badfile" type="PLAIN_TEXT" />
      <mapping ext="enc" type="PLAIN_TEXT" />
      <mapping ext="pem" type="PLAIN_TEXT" />
      <mapping ext="dec" type="PLAIN_TEXT" />
      <mapping ext="0" type="PLAIN_TEXT" />
      <mapping pattern="t" type="ReST" />
      <mapping pattern="text" type="XML" />
    </extensionMap>
  </component>
</application>