<application>
  <component name="ProjectJdkTable">
    <jdk version="2">
      <name value="Python 3.6 (PY program)" />
      <type value="Python SDK" />
      <version value="Python 3.6.2" />
      <homePath value="S:\PY idle\python.exe" />
      <roots>
        <classPath>
          <root type="composite">
            <root url="file://S:/PY idle/DLLs" type="simple" />
            <root url="file://S:/PY idle/Lib" type="simple" />
            <root url="file://S:/PY idle" type="simple" />
            <root url="file://$USER_HOME$/AppData/Roaming/Python/Python36/site-packages" type="simple" />
            <root url="file://S:/PY idle/Lib/site-packages" type="simple" />
            <root url="file://S:/PY idle/Lib/site-packages/win32" type="simple" />
            <root url="file://S:/PY idle/Lib/site-packages/win32/lib" type="simple" />
            <root url="file://S:/PY idle/Lib/site-packages/pythonwin" type="simple" />
            <root url="file://$USER_HOME$/.PyCharmCE2019.1/system/python_stubs/1493085132" type="simple" />
            <root url="file://$APPLICATION_HOME_DIR$/helpers/python-skeletons" type="simple" />
            <root url="file://$APPLICATION_HOME_DIR$/helpers/typeshed/stdlib/3" type="simple" />
            <root url="file://$APPLICATION_HOME_DIR$/helpers/typeshed/stdlib/2and3" type="simple" />
            <root url="file://$APPLICATION_HOME_DIR$/helpers/typeshed/third_party/3" type="simple" />
            <root url="file://$APPLICATION_HOME_DIR$/helpers/typeshed/third_party/2and3" type="simple" />
          </root>
        </classPath>
        <sourcePath>
          <root type="composite" />
        </sourcePath>
      </roots>
      <additional ASSOCIATED_PROJECT_PATH="D:/Google Drive/Study/S1/Python/PY program" />
    </jdk>
    <jdk version="2">
      <name value="Python 3.7 (untitled)" />
      <type value="Python SDK" />
      <version value="Python 3.7.3" />
      <homePath value="C:\Users\ASUS\PycharmProjects\untitled\venv\Scripts\python.exe" />
      <roots>
        <classPath>
          <root type="composite">
            <root url="file://F:/python3.7/DLLs" type="simple" />
            <root url="file://F:/python3.7/Lib" type="simple" />
            <root url="file://F:/python3.7" type="simple" />
            <root url="file://$USER_HOME$/PycharmProjects/untitled/venv" type="simple" />
            <root url="file://$USER_HOME$/PycharmProjects/untitled/venv/Lib/site-packages" type="simple" />
            <root url="jar://$USER_HOME$/PycharmProjects/untitled/venv/Lib/site-packages/setuptools-40.8.0-py3.7.egg!/" type="simple" />
            <root url="file://$USER_HOME$/PycharmProjects/untitled/venv/Lib/site-packages/pip-19.0.3-py3.7.egg" type="simple" />
            <root url="file://$USER_HOME$/.PyCharmCE2019.1/system/python_stubs/1068541244" type="simple" />
            <root url="file://$APPLICATION_HOME_DIR$/helpers/python-skeletons" type="simple" />
            <root url="file://$APPLICATION_HOME_DIR$/helpers/typeshed/stdlib/3" type="simple" />
            <root url="file://$APPLICATION_HOME_DIR$/helpers/typeshed/stdlib/2and3" type="simple" />
            <root url="file://$APPLICATION_HOME_DIR$/helpers/typeshed/third_party/3" type="simple" />
            <root url="file://$APPLICATION_HOME_DIR$/helpers/typeshed/third_party/2and3" type="simple" />
          </root>
        </classPath>
        <sourcePath>
          <root type="composite" />
        </sourcePath>
      </roots>
      <additional ASSOCIATED_PROJECT_PATH="$USER_HOME$/PycharmProjects/untitled" />
    </jdk>
    <jdk version="2">
      <name value="Python 3.7 (html_project)" />
      <type value="Python SDK" />
      <version value="Python 3.7.3" />
      <homePath value="E:\html_project\venv\Scripts\python.exe" />
      <roots>
        <classPath>
          <root type="composite">
            <root url="file://F:/python3.7/DLLs" type="simple" />
            <root url="file://F:/python3.7/Lib" type="simple" />
            <root url="file://F:/python3.7" type="simple" />
            <root url="file://E:/html_project/venv" type="simple" />
            <root url="file://E:/html_project/venv/Lib/site-packages" type="simple" />
            <root url="jar://E:/html_project/venv/Lib/site-packages/setuptools-40.8.0-py3.7.egg!/" type="simple" />
            <root url="file://E:/html_project/venv/Lib/site-packages/pip-19.0.3-py3.7.egg" type="simple" />
            <root url="file://$USER_HOME$/.PyCharmCE2019.1/system/python_stubs/1245018511" type="simple" />
            <root url="file://$APPLICATION_HOME_DIR$/helpers/python-skeletons" type="simple" />
            <root url="file://$APPLICATION_HOME_DIR$/helpers/typeshed/stdlib/3" type="simple" />
            <root url="file://$APPLICATION_HOME_DIR$/helpers/typeshed/stdlib/2and3" type="simple" />
            <root url="file://$APPLICATION_HOME_DIR$/helpers/typeshed/third_party/3" type="simple" />
            <root url="file://$APPLICATION_HOME_DIR$/helpers/typeshed/third_party/2and3" type="simple" />
          </root>
        </classPath>
        <sourcePath>
          <root type="composite" />
        </sourcePath>
      </roots>
      <additional ASSOCIATED_PROJECT_PATH="E:/html_project" />
    </jdk>
    <jdk version="2">
      <name value="Python 3.7 (untitled) (2)" />
      <type value="Python SDK" />
      <version value="Python 3.7.3" />
      <homePath value="E:\untitled\venv\Scripts\python.exe" />
      <roots>
        <classPath>
          <root type="composite">
            <root url="file://F:/python3.7/DLLs" type="simple" />
            <root url="file://F:/python3.7/Lib" type="simple" />
            <root url="file://F:/python3.7" type="simple" />
            <root url="file://E:/untitled/venv" type="simple" />
            <root url="file://E:/untitled/venv/Lib/site-packages" type="simple" />
            <root url="jar://E:/untitled/venv/Lib/site-packages/setuptools-40.8.0-py3.7.egg!/" type="simple" />
            <root url="file://E:/untitled/venv/Lib/site-packages/pip-19.0.3-py3.7.egg" type="simple" />
            <root url="file://$USER_HOME$/.PyCharmCE2019.1/system/python_stubs/2098399471" type="simple" />
            <root url="file://$APPLICATION_HOME_DIR$/helpers/python-skeletons" type="simple" />
            <root url="file://$APPLICATION_HOME_DIR$/helpers/typeshed/stdlib/3" type="simple" />
            <root url="file://$APPLICATION_HOME_DIR$/helpers/typeshed/stdlib/2and3" type="simple" />
            <root url="file://$APPLICATION_HOME_DIR$/helpers/typeshed/third_party/3" type="simple" />
            <root url="file://$APPLICATION_HOME_DIR$/helpers/typeshed/third_party/2and3" type="simple" />
          </root>
        </classPath>
        <sourcePath>
          <root type="composite" />
        </sourcePath>
      </roots>
      <additional ASSOCIATED_PROJECT_PATH="E:/untitled" />
    </jdk>
  </component>
</application>