<keymap version="1" name="Default copy" parent="$default">
  <action id="ChooseRunConfiguration">
    <keyboard-shortcut first-keystroke="shift alt f10" />
    <keyboard-shortcut first-keystroke="shift enter" />
  </action>
  <action id="CommentByBlockComment">
    <keyboard-shortcut first-keystroke="shift ctrl divide" />
    <keyboard-shortcut first-keystroke="ctrl alt slash" />
  </action>
  <action id="Diff.SelectedChange" />
  <action id="EditorDecreaseFontSize">
    <keyboard-shortcut first-keystroke="shift alt open_bracket" />
  </action>
  <action id="EditorDown">
    <keyboard-shortcut first-keystroke="down" />
    <keyboard-shortcut first-keystroke="ctrl n" />
  </action>
  <action id="EditorIncreaseFontSize">
    <keyboard-shortcut first-keystroke="shift alt close_bracket" />
  </action>
  <action id="EditorLineEnd">
    <keyboard-shortcut first-keystroke="end" />
    <keyboard-shortcut first-keystroke="shift space" second-keystroke="k" />
  </action>
  <action id="EditorLineStart">
    <keyboard-shortcut first-keystroke="home" />
    <keyboard-shortcut first-keystroke="shift space" second-keystroke="j" />
  </action>
  <action id="EditorNextWord">
    <keyboard-shortcut first-keystroke="ctrl right" />
    <keyboard-shortcut first-keystroke="shift space" second-keystroke="h" />
  </action>
  <action id="EditorStartNewLine">
    <keyboard-shortcut first-keystroke="shift space" second-keystroke="o" />
  </action>
  <action id="EditorTextEnd">
    <keyboard-shortcut first-keystroke="ctrl end" />
    <keyboard-shortcut first-keystroke="shift space" second-keystroke="l" />
  </action>
  <action id="EmmetNextEditPoint" />
  <action id="EmmetPreviousEditPoint" />
  <action id="FileChooser.NewFolder">
    <keyboard-shortcut first-keystroke="alt insert" />
  </action>
  <action id="GotoChangedFile" />
  <action id="GotoClass" />
  <action id="HideActiveWindow">
    <keyboard-shortcut first-keystroke="shift escape" />
    <keyboard-shortcut first-keystroke="shift space" second-keystroke="enter" />
  </action>
  <action id="HippieBackwardCompletion" />
  <action id="IpnbRunAllCellsAction">
    <keyboard-shortcut first-keystroke="shift f10" />
  </action>
  <action id="OpenElementInNewWindow" />
  <action id="ReformatCode">
    <keyboard-shortcut first-keystroke="ctrl alt l" />
    <keyboard-shortcut first-keystroke="shift space" second-keystroke="u" />
  </action>
  <action id="RunClass">
    <keyboard-shortcut first-keystroke="shift ctrl f10" />
    <keyboard-shortcut first-keystroke="shift space" second-keystroke="i" />
  </action>
</keymap>